Location,TotalSales,AverageSales
Los Angeles,35292.719999999994,3921.4133333333325
Chicago,17958.97,1995.4411111111112
Houston,25193.72,3149.215
New York,34205.68,2850.4733333333334
