Product,TotalSales,AverageSales,TotalOrders
Phone,25831.41,3690.2014285714286,7
Laptop,34104.34,2623.410769230769,13
Tablet,29685.43,3298.3811111111113,9
Headphones,23029.910000000003,2558.8788888888894,9
